ID,Name,Description,Filming_Dates,User_ID
1,Echoes of Tomorrow,A time traveler struggles to prevent a forgotten tragedy,2025-03-01 to 2025-03-05,admin
2,Midnight Diner,Strangers connect over late-night meals in a quiet city,2025-04-10 to 2025-04-12,bpukhrambam
3,The Last Message,A voicemail reveals a hidden truth after a sudden loss,2025-02-14 to 2025-02-16,rmilburn
4,Fragments,A photographer pieces together memories from lost images,2025-05-03 to 2025-05-06,admin
5,Static,A haunted television broadcasts eerie visions,2025-01-20 to 2025-01-22,bpukhrambam
6,Crosswalk,Two lives intersect during a brief moment at a city crossing,2025-06-01 to 2025-06-02,rmilburn
7,Paper Planes,A child sends messages through paper planes to cope with change,2025-03-18 to 2025-03-20,admin
8,Flicker,A failing lightbulb reveals glimpses of another dimension,2025-07-07 to 2025-07-09,bpukhrambam
9,The Waiting Room,Patients in a mysterious clinic confront their pasts,2025-08-12 to 2025-08-15,rmilburn
10,Drift,A lone traveler reflects on life during a long train ride,2025-09-01 to 2025-09-03,admin
11,Under the Bed,A child discovers something living beneath their bed,2025-10-10 to 2025-10-12,bpukhrambam
12,The Audition,An actor realizes the role may be more real than expected,2025-11-05 to 2025-11-07,rmilburn
13,Lost Signal,A group of friends lose communication during a hike,2025-12-01 to 2025-12-04,admin
14,Second Take,A filmmaker relives the same scene repeatedly with new outcomes,2025-02-01 to 2025-02-03,bpukhrambam
15,The Key,A mysterious key unlocks more than just doors,2025-03-25 to 2025-03-27,rmilburn